"Name","Team","POS","PTS","PTS/G","GP","CMP","YDS","TD","INT","ATT","YDS","TD","FUM","TGT","REC","YDS","TD"
"Christian McCaffrey","SF","RB","416.6","24.5","17","0","0","0","0","311","1202","10","0","129","102","924","7"
"Puka Nacua","LAR","WR","375","23.4","16","0","0","0","0","10","105","1","1","166","129","1715","10"
"Bijan Robinson","ATL","RB","370.8","21.8","17","0","0","0","0","287","1478","7","3","103","79","820","4"
"Jahmyr Gibbs","DET","RB","366.9","21.6","17","0","0","0","0","243","1223","13","1","94","77","616","5"
"Josh Allen","BUF","QB","364.6","21.4","17","319","3668","25","10","112","579","14","3","0","0","0","0"
"Jonathan Taylor","IND","RB","362.3","21.3","17","0","0","0","0","323","1585","18","1","55","46","378","2"
"Jaxon Smith-Njigba","SEA","WR","359.9","21.2","17","0","0","0","0","7","36","0","1","163","119","1793","10"
"Drake Maye","NE","QB","350.8","20.6","17","354","4394","31","8","103","450","4","3","1","1","2","0"
"Matthew Stafford","LAR","QB","350.4","20.6","17","388","4707","46","8","29","1","0","3","0","0","0","0"
"Trevor Lawrence","JAX","QB","338.2","19.9","17","341","4007","29","12","82","359","9","3","0","0","0","0"
"Amon-Ra St. Brown","DET","WR","324","19.1","17","0","0","0","0","3","9","0","0","172","117","1401","11"
"De'Von Achane","MIA","RB","322.8","20.2","16","0","0","0","0","238","1350","8","0","85","67","488","4"
"Trey McBride","ARI","TE","315.9","18.6","17","0","0","0","0","0","0","0","0","169","126","1239","11"
"Dak Prescott","DAL","QB","313.8","18.5","17","404","4552","30","10","53","177","2","2","0","0","0","0"
"Ja'Marr Chase","CIN","WR","313.6","19.6","16","0","0","0","0","3","14","0","1","185","125","1412","8"
"Caleb Williams","CHI","QB","308","18.1","17","330","3942","27","7","77","383","3","1","2","2","22","1"
"Bo Nix","DEN","QB","304.8","17.9","17","388","3931","25","11","83","356","5","2","1","0","0","0"
"James Cook","BUF","RB","302.2","17.8","17","0","0","0","0","309","1621","12","3","40","33","291","2"
"Jalen Hurts","PHI","QB","299.1","18.7","16","294","3224","25","6","105","421","8","4","0","0","0","0"
"Jared Goff","DET","QB","297.1","17.5","17","393","4564","34","8","19","45","0","5","0","0","0","0"
"George Pickens","DAL","WR","291.9","17.2","17","0","0","0","0","0","0","0","0","137","93","1429","9"
"Justin Herbert","LAC","QB","286.9","17.9","16","340","3727","26","13","83","498","2","2","0","0","0","0"
"Patrick Mahomes","KC","QB","285.7","20.4","14","315","3587","22","11","64","422","5","0","1","1","-10","0"
"Chase Brown","CIN","RB","282.6","16.6","17","0","0","0","0","232","1019","6","0","88","69","437","5"
"Derrick Henry","BAL","RB","279.5","16.4","17","0","0","0","0","307","1595","16","3","21","15","150","0"
"Baker Mayfield","TB","QB","271.9","16","17","343","3693","26","11","55","382","1","3","0","0","0","0"
"Chris Olave","NO","WR","270","16.9","16","0","0","0","1","1","-3","0","0","156","100","1163","9"
"Kyren Williams","LAR","RB","263.3","15.5","17","0","0","0","0","259","1252","10","2","50","36","281","3"
"Travis Etienne Jr.","JAX","RB","253.9","14.9","17","0","0","0","0","260","1107","7","0","52","36","292","6"
"Ashton Jeanty","LV","RB","245.1","14.4","17","0","0","0","0","266","975","5","1","73","55","346","5"
"Zay Flowers","BAL","WR","243.3","14.3","17","0","0","0","0","10","62","1","3","118","86","1211","5"
"Javonte Williams","DAL","RB","242.8","15.2","16","0","0","0","0","252","1201","11","2","51","35","137","2"
"Jaxson Dart","NYG","QB","241.6","17.3","14","216","2272","15","5","86","487","9","2","0","0","0","0"
"Josh Jacobs","GB","RB","237.1","15.8","15","0","0","0","0","234","929","13","2","44","36","282","1"
"Sam Darnold","SEA","QB","235.4","13.8","17","323","4048","25","14","35","95","0","6","0","0","0","0"
"Jordan Love","GB","QB","235.1","15.7","15","291","3381","23","6","47","199","0","2","0","0","0","0"
"Saquon Barkley","PHI","RB","232.3","14.5","16","0","0","0","0","280","1140","7","1","50","37","273","2"
"D'Andre Swift","CHI","RB","228.6","14.3","16","0","0","0","0","223","1087","9","2","48","34","299","1"
"Jacoby Brissett","ARI","QB","227.4","16.2","14","315","3366","23","8","38","168","1","4","0","0","0","0"
"Aaron Rodgers","PIT","QB","227","14.2","16","327","3322","24","7","21","61","1","1","1","1","-9","0"
"Daniel Jones","IND","QB","226.4","17.4","13","261","3101","19","8","45","164","5","3","0","0","0","0"
"Nico Collins","HOU","WR","226.2","15.1","15","0","0","0","0","2","15","1","1","120","71","1117","6"
"Davante Adams","LAR","WR","222.9","15.9","14","0","0","0","0","0","0","0","0","114","60","789","14"
"Kenneth Gainwell","PIT","RB","221.3","13","17","0","0","0","0","114","537","5","1","85","73","486","3"
"Michael Wilson","ARI","WR","220.6","13","17","0","0","0","0","0","0","0","0","126","78","1006","7"
"A.J. Brown","PHI","WR","220.3","14.7","15","0","0","0","0","0","0","0","0","121","78","1003","7"
"Jameson Williams","DET","WR","219.9","12.9","17","0","0","0","0","6","12","0","0","101","65","1117","7"
"Courtland Sutton","DEN","WR","219.7","12.9","17","0","0","0","0","0","0","0","0","124","74","1017","7"
"Bryce Young","CAR","QB","218","13.6","16","304","3011","23","11","54","216","2","4","0","0","0","0"
"Wan'Dale Robinson","NYG","WR","217.9","13.6","16","0","0","0","0","3","5","0","0","140","92","1014","4"
"Jaylen Warren","PIT","RB","217.1","13.6","16","0","0","0","0","211","958","6","0","45","40","333","2"
"Rico Dowdle","CAR","RB","216.3","12.7","17","0","0","0","0","236","1076","6","1","50","39","297","1"
"Lamar Jackson","BAL","QB","214.9","16.5","13","192","2549","21","7","67","349","2","3","0","0","0","0"
"Tee Higgins","CIN","WR","211.6","14.1","15","0","0","0","0","0","0","0","0","98","59","846","11"
"Tetairoa McMillan","CAR","WR","211.4","12.4","17","0","0","0","0","0","0","0","1","122","70","1014","7"
"Kyle Pitts Sr.","ATL","TE","210.8","12.4","17","0","0","0","0","0","0","0","0","118","88","928","5"
"Stefon Diggs","NE","WR","210.3","12.4","17","0","0","0","0","0","0","0","0","102","85","1013","4"
"C.J. Stroud","HOU","QB","208.5","14.9","14","273","3041","19","8","48","209","1","0","0","0","0","0"
"RJ Harvey","DEN","RB","206.6","12.2","17","0","0","0","0","146","540","7","1","58","47","356","5"
"TreVeyon Henderson","NE","RB","206.2","12.1","17","0","0","0","0","180","911","9","1","42","35","221","1"
"Breece Hall","NYJ","RB","203.5","12.7","16","1","4","1","0","243","1065","4","2","48","36","350","1"
"Michael Pittman Jr.","IND","WR","202.4","11.9","17","0","0","0","0","0","0","0","0","111","80","784","7"
"Drake London","ATL","WR","201.9","16.8","12","0","0","0","0","0","0","0","1","112","68","919","7"
"DeVonta Smith","PHI","WR","201.8","11.9","17","0","0","0","0","0","0","0","0","113","77","1008","4"
"Justin Jefferson","MIN","WR","201.5","11.9","17","0","0","0","0","2","7","0","0","141","84","1048","2"
"CeeDee Lamb","DAL","WR","200.9","14.3","14","0","0","0","0","1","2","0","0","117","75","1077","3"
"Emeka Egbuka","TB","WR","195.7","11.5","17","0","0","0","0","2","9","0","0","127","63","938","6"
"Jaylen Waddle","MIA","WR","193.8","12.1","16","1","8","0","0","2","28","0","0","100","64","910","6"
"Travis Kelce","KC","TE","193.2","11.4","17","0","0","0","0","1","1","0","0","108","76","851","5"
"Kenneth Walker III","SEA","RB","191.9","11.3","17","0","0","0","0","221","1027","5","0","36","31","282","0"
"Tyler Warren","IND","TE","188.5","11.1","17","0","0","0","0","6","8","1","0","112","76","817","4"
"Deebo Samuel Sr.","WAS","WR","188.2","11.8","16","0","0","0","0","17","75","1","0","99","72","727","5"
"Jake Ferguson","DAL","TE","188.1","11.1","17","0","0","0","0","1","1","0","2","102","82","600","8"
"DK Metcalf","PIT","WR","187.2","12.5","15","0","0","0","0","2","12","1","0","99","59","850","6"
"Cameron Ward","TEN","QB","186.7","11","17","323","3169","15","7","39","159","2","7","0","0","0","0"
"Harold Fannin Jr.","CLE","TE","186.4","11.6","16","0","0","0","0","7","13","1","1","107","72","731","6"
"Tony Pollard","TEN","RB","185.8","10.9","17","0","0","0","0","242","1082","5","3","41","33","206","0"
"Dallas Goedert","PHI","TE","185.1","12.3","15","0","0","0","0","0","0","0","0","82","60","591","11"
"Alec Pierce","IND","WR","183.3","12.2","15","0","0","0","0","0","0","0","0","84","47","1003","6"
"Keenan Allen","LAC","WR","182.7","10.7","17","0","0","0","0","0","0","0","0","122","81","777","4"
"Zach Charbonnet","SEA","RB","181.4","11.3","16","0","0","0","0","184","730","12","0","24","20","144","0"
"Ladd McConkey","LAC","WR","180.9","11.3","16","0","0","0","0","0","0","0","0","107","66","789","6"
"Juwan Johnson","NO","TE","179.9","10.6","17","0","0","0","0","0","0","0","2","102","77","889","3"
"Hunter Henry","NE","TE","178.8","10.5","17","0","0","0","0","0","0","0","0","87","60","768","7"
"Rhamondre Stevenson","NE","RB","178.8","12.8","14","0","0","0","0","130","603","7","3","37","32","345","2"
"Dalton Schultz","HOU","TE","177.7","10.5","17","0","0","0","0","0","0","0","0","106","82","777","3"
"Brock Purdy","SF","QB","177.4","19.7","9","197","2167","20","10","33","147","3","2","0","0","0","0"
"Troy Franklin","DEN","WR","177.1","10.4","17","0","0","0","0","5","12","0","1","104","65","709","6"
"Brock Bowers","LV","TE","176.2","14.7","12","0","0","0","0","2","2","0","0","86","64","680","7"
"Jakobi Meyers","LV","WR","175.8","11","16","0","0","0","0","5","13","0","1","110","75","835","3"
"Geno Smith","LV","QB","173.9","11.6","15","302","3025","19","17","41","109","0","1","0","0","0","0"
"Jauan Jennings","SF","WR","173.3","11.6","15","0","0","0","0","0","0","0","1","90","55","643","9"
"Parker Washington","JAX","WR","172.7","10.8","16","0","0","0","0","7","0","0","0","95","58","847","5"
"Quentin Johnston","LAC","WR","171.2","12.2","14","0","0","0","0","2","7","0","1","84","51","735","8"
"Quinshon Judkins","CLE","RB","169.8","12.1","14","0","0","0","0","230","827","7","0","36","26","171","0"
"Khalil Shakir","BUF","WR","166.4","10.4","16","0","0","0","0","1","5","0","1","95","72","719","4"
"DJ Moore","CHI","WR","166.1","9.8","17","1","2","1","0","15","79","1","1","85","50","682","6"
"Romeo Doubs","GB","WR","165.4","10.3","16","0","0","0","0","0","0","0","0","85","55","724","6"
"Colston Loveland","CHI","TE","165.1","10.3","16","0","0","0","0","1","-2","0","0","81","58","713","6"
"David Montgomery","DET","RB","162.8","9.6","17","1","3","1","0","158","716","8","1","29","24","192","0"
"Tre Tucker","LV","WR","161.7","9.5","17","0","0","0","0","11","51","0","0","92","57","696","5"
"George Kittle","SF","TE","161.5","14.7","11","0","0","0","0","1","-3","0","0","69","57","628","7"
"Tyrone Tracy Jr.","NYG","RB","160.8","10.7","15","0","0","0","0","176","740","2","1","47","36","288","2"
"Tua Tagovailoa","MIA","QB","160.7","11.5","14","260","2660","20","15","20","43","0","1","0","0","0","0"
"Tyler Shough","NO","QB","158","14.4","11","221","2384","10","6","45","186","3","2","0","0","0","0"
"Woody Marks","HOU","RB","151.1","9.4","16","0","0","0","0","196","703","3","0","36","24","208","3"
"Rashee Rice","KC","WR","150.1","18.8","8","0","0","0","0","5","20","1","0","78","53","571","5"
"AJ Barner","SEA","TE","147.3","8.7","17","0","0","0","0","10","14","1","0","68","52","519","6"
"Kyle Monangai","CHI","RB","146.7","8.6","17","0","0","0","0","169","783","5","0","30","18","164","0"
"Joe Flacco","CLE","QB","146.7","11.3","13","251","2479","15","10","21","35","1","3","0","0","0","0"
"Rome Odunze","CHI","WR","146.1","12.2","12","0","0","0","0","0","0","0","0","90","44","661","6"
"Kareem Hunt","KC","RB","145.5","8.6","17","0","0","0","0","163","612","8","1","25","18","143","1"
"Rashid Shaheed","NO","WR","144.6","8","18","0","0","0","0","9","69","0","1","92","59","687","2"
"Rachaad White","TB","RB","143","8.4","17","0","0","0","0","132","572","4","0","45","40","218","0"
"Justin Fields","NYJ","QB","142.7","15.9","9","128","1259","7","1","71","383","4","3","1","0","0","0"
"Jacory Croskey-Merritt","WAS","RB","140.3","8.3","17","0","0","0","0","175","805","8","2","13","9","68","0"
"Brian Thomas Jr.","JAX","WR","138.8","9.9","14","0","0","0","0","3","21","1","0","91","48","707","2"
"Bucky Irving","TB","RB","138.5","13.8","10","0","0","0","0","173","588","1","1","35","30","277","3"
"Marquise Brown","KC","WR","137.7","8.6","16","0","0","0","0","0","0","0","0","74","49","587","5"
"Josh Downs","IND","WR","136.4","8.5","16","0","0","0","0","2","-2","0","1","88","58","566","4"
"Omarion Hampton","LAC","RB","135.7","15.1","9","0","0","0","0","124","545","4","0","35","32","192","1"
"Jordan Addison","MIN","WR","135.1","9.7","14","0","0","0","0","2","81","1","0","79","42","610","3"
"Joe Burrow","CIN","QB","134.5","16.8","8","173","1809","17","5","14","41","0","0","0","0","0","0"
"Christian Watson","GB","WR","132.4","13.2","10","0","0","0","0","1","3","0","0","55","35","611","6"
"Oronde Gadsden","LAC","TE","131.4","8.8","15","0","0","0","0","0","0","0","1","69","49","664","3"
"Mark Andrews","BAL","TE","131","7.7","17","0","0","0","0","10","48","1","0","70","48","422","5"
"Mac Jones","SF","QB","130","11.8","11","201","2151","13","6","36","60","0","2","0","0","0","0"
"Colby Parkinson","LAR","TE","129.8","8.7","15","0","0","0","0","0","0","0","1","56","43","408","8"
"Jayden Higgins","HOU","WR","129.5","7.6","17","0","0","0","0","0","0","0","0","68","41","525","6"
"Jordan Mason","MIN","RB","128.9","8.1","16","0","0","0","0","159","758","6","1","16","14","51","0"
"Luther Burden III","CHI","WR","127.9","8.5","15","0","0","0","0","6","37","0","0","60","47","652","2"
"Theo Johnson","NYG","TE","127.8","8.5","15","0","0","0","0","0","0","0","0","74","45","528","5"
"Marvin Harrison Jr.","ARI","WR","127.8","10.7","12","0","0","0","0","0","0","0","0","73","41","608","4"
"Cam Skattebo","NYG","RB","127.7","16","8","0","0","0","0","101","410","5","1","32","24","207","2"
"Zach Ertz","WAS","TE","126.4","9.7","13","0","0","0","0","0","0","0","0","72","50","504","4"
"Dalton Kincaid","BUF","TE","126.1","10.5","12","0","0","0","0","0","0","0","0","49","39","571","5"
"Marcus Mariota","WAS","QB","125.5","11.4","11","139","1695","10","7","50","297","1","3","0","0","0","0"
"Chuba Hubbard","CAR","RB","125.4","8.4","15","0","0","0","0","134","511","1","1","39","30","223","3"
"J.J. McCarthy","MIN","QB","125.4","12.5","10","140","1632","11","12","37","181","4","2","0","0","0","0"
"Kayshon Boutte","NE","WR","124.1","8.9","14","0","0","0","0","0","0","0","0","46","33","551","6"
"Chig Okonkwo","TEN","TE","124","7.3","17","0","0","0","0","0","0","0","0","79","56","560","2"
"Tyler Allgeier","ATL","RB","123","7.2","17","0","0","0","0","143","514","8","0","16","14","96","0"
"Cade Otton","TB","TE","122.2","7.6","16","0","0","0","0","0","0","0","0","81","59","572","1"
"Blake Corum","LAR","RB","122.2","7.2","17","0","0","0","0","145","746","6","0","14","8","36","0"
"Jerry Jeudy","CLE","WR","120.7","7.1","17","0","0","0","0","1","5","0","1","106","50","602","2"
"Michael Penix Jr.","ATL","QB","120.3","13.4","9","166","1982","9","3","21","70","1","2","0","0","0","0"
"Aaron Jones Sr.","MIN","RB","118.7","9.9","12","0","0","0","0","132","548","2","1","41","28","199","1"
"Cooper Kupp","SEA","WR","118.3","7.4","16","0","0","0","1","0","0","0","1","70","47","593","2"
"Brenton Strange","JAX","TE","118","9.8","12","0","0","0","0","0","0","0","0","60","46","540","3"
"Kimani Vidal","LAC","RB","117.9","9.1","13","0","0","0","0","155","643","3","0","22","16","136","1"
"Tucker Kraft","GB","TE","117.2","14.6","8","0","0","0","0","1","3","0","0","44","32","489","6"
"Elic Ayomanor","TEN","WR","116.5","7.3","16","0","0","0","0","0","0","0","0","89","41","515","4"
"J.K. Dobbins","DEN","RB","115.9","11.6","10","0","0","0","0","153","772","4","0","14","11","37","0"
"Jayden Daniels","WAS","QB","114.3","16.3","7","114","1262","8","3","58","278","2","2","0","0","0","0"
"Terry McLaurin","WAS","WR","114.2","11.4","10","0","0","0","0","0","0","0","0","60","38","582","3"
"Chimere Dike","TEN","WR","114.1","6.7","17","0","0","0","0","11","18","0","1","74","48","423","4"
"Ryan Flournoy","DAL","WR","114","7.1","16","0","0","0","0","4","25","0","0","56","40","475","4"
"Pat Freiermuth","PIT","TE","113.6","6.7","17","0","0","0","0","0","0","0","0","54","41","486","4"
"Mack Hollins","NE","WR","113.4","7.6","15","0","0","0","0","1","4","0","0","65","46","550","2"
"T.J. Hockenson","MIN","TE","112.8","7.5","15","0","0","0","0","1","0","0","0","66","51","438","3"
"Tyjae Spears","TEN","RB","111.7","8.6","13","0","0","0","0","72","283","2","0","50","45","264","0"
"Malik Washington","MIA","WR","110.7","6.5","17","0","0","0","0","17","110","1","1","65","46","317","3"
"Xavier Worthy","KC","WR","109.9","7.9","14","0","0","0","0","11","87","0","0","73","42","532","1"
"Devin Singletary","NYG","RB","108.8","6.4","17","0","0","0","0","119","437","5","0","19","18","151","0"
"Sam LaPorta","DET","TE","106.9","11.9","9","0","0","0","0","0","0","0","0","49","40","489","3"
"Dawson Knox","BUF","TE","103.7","6.1","17","0","0","0","0","0","0","0","0","49","36","417","4"
"Kirk Cousins","ATL","QB","103.5","9.4","11","166","1721","10","5","14","7","1","1","0","0","0","0"
"Evan Engram","DEN","TE","102.8","6.4","16","0","0","0","0","1","7","0","0","76","50","461","1"
"Keon Coleman","BUF","WR","102.4","7.9","13","0","0","0","0","0","0","0","1","59","38","404","4"
"Jalen Nailor","MIN","WR","100.7","5.9","17","0","0","0","0","2","13","0","0","53","29","444","4"
"Alvin Kamara","NO","RB","100.7","9.2","11","0","0","0","0","131","471","1","2","39","33","186","0"
"Ty Johnson","BUF","RB","100.3","5.9","17","0","0","0","0","50","200","3","0","33","24","263","2"
"Garrett Wilson","NYJ","WR","99.5","14.2","7","0","0","0","0","0","0","0","0","59","36","395","4"
"Michael Carter","ARI","RB","99","7.6","13","0","0","0","0","92","333","1","0","45","33","267","0"
"Darius Slayton","NYG","WR","98.8","7.1","14","0","0","0","0","0","0","0","1","63","37","538","1"
"Spencer Rattler","NO","QB","98.1","10.9","9","174","1586","8","5","31","167","0","2","2","1","0","0"
"Xavier Hutchinson","HOU","WR","98","5.8","17","0","0","0","0","3","22","0","0","57","35","428","3"
"DeMario Douglas","NE","WR","95.8","5.6","17","0","0","0","0","7","21","0","0","46","31","447","3"
"Emanuel Wilson","GB","RB","94.5","5.6","17","0","0","0","0","125","496","3","0","17","15","99","0"
"Jake Tonges","SF","TE","93.3","5.5","17","0","0","0","0","0","0","0","0","46","34","293","5"
"Bam Knight","ARI","RB","92.9","7.7","12","0","0","0","0","82","269","4","1","31","22","160","1"
"Tez Johnson","TB","WR","92.6","5.8","16","0","0","0","0","8","24","0","0","44","28","322","5"
"Kendrick Bourne","SF","WR","92.1","5.8","16","0","0","0","0","0","0","0","0","53","37","551","0"
"Chris Rodriguez Jr.","WAS","RB","92","7.1","13","0","0","0","0","112","500","6","0","4","3","30","0"
"Gunnar Helm","TEN","TE","91.7","5.7","16","0","0","0","0","0","0","0","0","55","44","357","2"
"Sean Tucker","TB","RB","91.4","5.4","17","0","0","0","0","86","320","7","0","11","8","34","1"
"Jalen Coker","CAR","WR","90.4","8.2","11","0","0","0","0","0","0","0","1","43","33","394","3"
"Andrei Iosivas","CIN","WR","89.9","5.3","17","0","0","0","0","3","14","0","0","58","33","435","2"
"Adonai Mitchell","IND","WR","89.9","5.6","16","0","0","0","0","1","-4","0","0","74","33","453","2"
"Xavier Legette","CAR","WR","89.3","6","15","0","0","0","0","1","0","0","0","64","35","363","3"
"Mason Taylor","NYJ","TE","88.9","6.8","13","0","0","0","0","0","0","0","0","65","44","369","1"
"Darren Waller","MIA","TE","88.7","9.9","9","0","0","0","0","1","4","0","0","34","24","283","6"
"Bhayshul Tuten","JAX","RB","88.6","5.9","15","0","0","0","0","83","307","5","1","14","10","79","2"
"Ricky Pearsall","SF","WR","88.6","9.8","9","0","0","0","0","2","-2","0","0","54","36","528","0"
"Nick Chubb","HOU","RB","88.3","5.9","15","0","0","0","0","122","506","3","0","20","13","67","0"
"Dylan Sampson","CLE","RB","87.6","5.8","15","0","0","0","0","65","175","0","1","40","33","271","2"
"Isiah Pacheco","KC","RB","87.2","6.7","13","0","0","0","0","118","461","1","0","26","19","101","1"
"Marvin Mims Jr.","DEN","WR","87","5.8","15","0","0","0","0","12","78","1","1","51","37","322","1"
"David Njoku","CLE","TE","86.3","7.2","12","0","0","0","0","0","0","0","0","48","33","293","4"
"Calvin Austin III","PIT","WR","86.2","6.2","14","0","0","0","0","0","0","0","0","55","31","372","3"
"Jonnu Smith","PIT","TE","85.2","5","17","0","0","0","0","9","70","1","0","54","38","222","2"
"Shedeur Sanders","CLE","QB","84.9","10.6","8","120","1400","7","10","21","169","1","1","0","0","0","0"
"Mike Evans","TB","WR","84.8","10.6","8","0","0","0","0","0","0","0","0","61","30","368","3"
"Olamide Zaccheaus","CHI","WR","84.8","5.3","16","0","0","0","0","4","25","0","0","65","39","313","2"
"KaVontae Turpin","DAL","WR","84.5","5.6","15","0","0","0","0","17","89","0","1","38","26","396","2"
"Chris Godwin","TB","WR","83","9.2","9","0","0","0","0","0","0","0","0","51","33","360","2"
"Darnell Mooney","ATL","WR","82.3","5.5","15","0","0","0","0","0","0","0","0","72","32","443","1"
"Sterling Shepard","TB","WR","82","6.3","13","0","0","0","0","4","19","0","1","53","39","371","1"
"Tyquan Thornton","KC","WR","80.8","5.8","14","0","0","0","0","0","0","0","0","37","19","438","3"
"Cole Kmet","CHI","TE","78.7","4.9","16","0","0","0","0","0","0","0","0","48","30","347","2"
"Samaje Perine","CIN","RB","77.9","5.2","15","0","0","0","0","84","382","3","2","21","17","87","0"
"Kyler Murray","ARI","QB","77.8","15.6","5","110","962","6","3","29","173","1","1","0","0","0","0"
"Isaac TeSlaa","DET","WR","75.9","4.5","17","0","0","0","0","0","0","0","0","27","16","239","6"
"Dontayvion Wicks","GB","WR","75.8","5.4","14","0","0","0","0","1","6","0","0","46","30","332","2"
"Greg Dortch","ARI","WR","75.1","6.3","12","0","0","0","0","7","15","1","0","33","29","206","3"
"Noah Fant","CIN","TE","74.8","5","15","0","0","0","0","0","0","0","3","41","34","288","3"
"Pat Bryant","DEN","WR","74.8","5","15","0","0","0","0","0","0","0","0","49","31","378","1"
"Michael Mayer","LV","TE","73.8","5.7","13","0","0","0","0","0","0","0","0","50","35","328","1"
"JuJu Smith-Schuster","KC","WR","73.5","4.3","17","0","0","0","0","0","0","0","0","45","33","345","1"
"Darnell Washington","PIT","TE","73.4","4.6","16","0","0","0","0","0","0","0","1","43","31","364","1"
"Jeremy McNichols","WAS","RB","72.7","4.3","17","0","0","0","0","44","221","1","1","31","25","196","0"
"John Metchie III","PHI","WR","71.9","4.5","16","0","0","0","0","3","-5","0","0","48","33","274","2"
"Isaiah Davis","NYJ","RB","71.2","4.5","16","0","0","0","0","43","236","1","0","28","21","186","0"
"Tyler Higbee","LAR","TE","71.1","7.1","10","0","0","0","0","0","0","0","0","36","25","281","3"
"Mike Gesicki","CIN","TE","70.7","5.4","13","0","0","0","0","0","0","0","0","42","28","307","2"
"Carson Wentz","MIN","QB","70.3","14.1","5","110","1216","6","5","11","57","0","0","0","0","0","0"
"Dillon Gabriel","CLE","QB","70.1","7","10","110","937","7","2","14","86","0","0","0","0","0","0"
"Van Jefferson","TEN","WR","70","4.4","16","0","0","0","0","0","0","0","0","52","29","350","1"
"Matthew Golden","GB","WR","70","5","14","0","0","0","0","10","49","0","0","44","29","361","0"
"Tre' Harris","LAC","WR","69.4","4.1","17","0","0","0","0","2","10","0","0","43","30","324","1"
"Davis Mills","HOU","QB","68.6","11.4","6","91","915","5","1","13","60","1","0","0","0","0","0"
"Jaylin Noel","HOU","WR","68.4","4","17","0","0","0","0","6","12","0","0","35","26","292","2"
"Tyler Lockett","TEN","WR","67.1","3.9","17","0","0","0","0","0","0","0","0","55","32","291","1"
"DeAndre Hopkins","BAL","WR","67","3.9","17","0","0","0","0","0","0","0","0","38","22","330","2"
"Devaughn Vele","NO","WR","66.3","5.1","13","0","0","0","0","0","0","0","0","39","25","293","2"
"Justice Hill","BAL","RB","65.2","6.5","10","0","0","0","0","18","93","2","0","27","21","169","1"
"Tommy Tremble","CAR","TE","63.9","3.8","17","0","0","0","0","0","0","0","0","37","27","249","2"
"Travis Hunter","JAX","WR","63.8","9.1","7","0","0","0","0","1","0","0","0","45","28","298","1"
"Brashard Smith","KC","RB","63.3","3.7","17","0","0","0","0","44","151","0","0","35","25","172","1"
"Greg Dulcich","MIA","TE","62.8","6.3","10","0","0","0","0","1","-7","0","1","33","26","335","1"
"Davis Allen","LAR","TE","62.8","3.7","17","0","0","0","0","0","0","0","0","33","24","208","3"
"Brian Robinson Jr.","SF","RB","62.5","3.7","17","0","0","0","0","92","400","2","0","12","8","25","0"
"Isaiah Likely","BAL","TE","61.7","4.4","14","0","0","0","0","0","0","0","1","37","27","307","1"
"Kalif Raymond","DET","WR","60.8","4.1","15","0","0","0","0","2","19","0","0","30","24","289","1"
"Cedric Tillman","CLE","WR","60","4.6","13","0","0","0","0","0","0","0","0","39","21","270","2"
"Devin Neal","NO","RB","60","5.5","11","0","0","0","0","57","206","2","0","19","17","104","0"
"Daniel Bellinger","NYG","TE","59.6","3.7","16","0","0","0","0","0","0","0","0","26","19","286","2"
"Tyrod Taylor","NYJ","QB","59.5","9.9","6","80","779","5","5","27","143","1","1","0","0","0","0"
"Austin Hooper","NE","TE","59.3","3.7","16","0","0","0","0","0","0","0","0","26","21","263","2"
"Tory Horton","SEA","WR","59.1","7.4","8","0","0","0","0","0","0","0","0","22","13","161","5"
"Emari Demercado","ARI","RB","58.3","4.5","13","0","0","0","0","44","312","0","1","20","13","101","1"
"Demarcus Robinson","SF","WR","58.2","4.2","14","0","0","0","0","1","6","0","0","35","22","276","1"
"Elijah Higgins","ARI","TE","58.1","3.4","17","0","0","0","0","0","0","0","1","37","30","301","0"
"Ray Davis","BUF","RB","58.1","3.4","17","0","0","0","0","58","275","0","0","13","10","86","2"
"Christian Kirk","HOU","WR","57.9","4.5","13","0","0","0","0","0","0","0","0","52","28","239","1"
"Malik Nabers","NYG","WR","57.1","14.3","4","0","0","0","0","0","0","0","0","35","18","271","2"
"Kyle Juszczyk","SF","RB","57","3.4","17","0","0","0","0","2","-3","0","0","28","24","213","2"
"Rashod Bateman","BAL","WR","55.4","4.3","13","0","0","0","0","0","0","0","0","39","19","224","2"
"Keaton Mitchell","BAL","RB","55.4","4.3","13","0","0","0","0","59","341","1","0","12","9","63","0"
"Josh Oliver","MIN","TE","55","3.7","15","0","0","0","0","0","0","0","0","19","15","160","4"
"Isaiah Bond","CLE","WR","54.7","3.4","16","0","0","0","0","5","29","0","0","44","18","338","0"
"Ollie Gordon II","MIA","RB","54.1","3.2","17","0","0","0","0","70","199","3","0","9","7","32","1"
"Ja'Tavion Sanders","CAR","TE","54","4.2","13","0","0","0","0","0","0","0","0","34","29","190","1"
"Tank Bigsby","JAX","RB","53.8","3.2","17","0","0","0","0","63","356","2","0","4","3","32","0"
"Tyreek Hill","MIA","WR","53.5","13.4","4","0","0","0","0","0","0","0","0","29","21","265","1"
"Jackson Hawes","BUF","TE","52.7","3.1","17","0","0","0","0","0","0","0","0","19","16","187","3"
"Joshua Palmer","BUF","WR","52.3","4.4","12","0","0","0","0","0","0","0","0","37","22","303","0"
"Terrance Ferguson","LAR","TE","52.1","3.7","14","0","0","0","0","1","0","0","0","25","11","231","3"
"Brandin Cooks","NO","WR","51.9","3.5","15","0","0","0","0","0","0","0","0","36","24","279","0"
"Tim Patrick","JAX","WR","51.7","3.2","16","0","0","0","0","0","0","0","0","25","15","187","3"
"Luke McCaffrey","WAS","WR","51.3","5.7","9","0","0","0","0","0","0","0","0","15","11","203","3"
"Malik Willis","GB","QB","51.2","12.8","4","30","422","3","0","22","123","2","1","0","0","0","0"
"Jahan Dotson","PHI","WR","50.2","3","17","0","0","0","0","0","0","0","0","36","18","262","1"
"Russell Wilson","NYG","QB","49.8","8.3","6","69","831","3","3","18","106","0","0","0","0","0","0"
"Dyami Brown","JAX","WR","49.7","3.6","14","0","0","0","0","6","30","0","1","37","20","227","1"
"Luke Musgrave","GB","TE","49.2","2.9","17","0","0","0","0","0","0","0","0","31","24","252","0"
"Kyle Williams","NE","WR","49.2","2.9","17","0","0","0","0","2","3","0","0","21","10","209","3"
"David Sills V","ATL","WR","49.1","2.9","17","0","0","0","0","0","0","0","0","36","18","191","2"
"Jake Browning","CIN","QB","48.7","9.7","5","81","771","6","8","9","39","1","0","0","0","0","0"
"Jayden Reed","GB","WR","48.5","6.9","7","0","0","0","0","3","28","0","0","22","19","207","1"
"Xavier Smith","LAR","WR","48.3","3","16","0","0","0","0","0","0","0","0","24","18","303","0"
"Mitchell Evans","CAR","TE","48.2","2.8","17","0","0","0","0","1","1","0","0","25","19","171","2"
"Jaylen Wright","MIA","RB","48.2","4.8","10","0","0","0","0","70","288","2","1","9","5","44","0"
"Audric Estime","NO","RB","48.1","6.9","7","0","0","0","0","46","198","1","0","13","12","103","0"
"Tanner Hudson","CIN","TE","47.8","3.2","15","0","0","0","0","0","0","0","0","24","19","168","2"
"Calvin Ridley","TEN","WR","47.3","6.8","7","0","0","0","0","0","0","0","0","36","17","303","0"
"Jeremy Ruckert","NYJ","TE","46.9","2.8","17","0","0","0","0","0","0","0","0","29","23","179","1"
"Isaiah Williams","NYJ","WR","46.7","3.1","15","0","0","0","0","3","34","0","1","36","26","193","0"
"Jalen Tolbert","DAL","WR","46.3","3.6","13","0","0","0","0","0","0","0","0","34","18","203","1"
"Adam Trautman","DEN","TE","45.5","2.7","17","0","0","0","0","0","0","0","0","23","20","195","1"
"Tyrell Shavers","BUF","WR","45.5","2.7","17","0","0","0","0","0","0","0","0","23","15","245","1"
"Jerome Ford","CLE","RB","43.6","3.4","13","0","0","0","0","24","73","0","0","32","26","103","0"
"Jack Bech","LV","WR","42.4","2.6","16","0","0","0","0","0","0","0","0","29","20","224","0"
"Malik Davis","DAL","RB","40.6","4.1","10","0","0","0","0","52","250","2","0","5","2","16","0"
"Tyler Huntley","BAL","QB","40.1","8","5","52","426","2","0","24","151","0","0","0","0","0","0"
"Adam Thielen","MIN","WR","39.6","2.5","16","0","0","0","0","0","0","0","0","35","19","186","0"
"Zavier Scott","MIN","RB","39.2","2.5","16","0","0","0","0","32","114","0","1","16","14","98","1"
"Noah Gray","KC","TE","38.8","2.4","16","0","0","0","0","0","0","0","0","37","21","178","0"
"Chris Moore","WAS","WR","38.6","2.8","14","0","0","0","0","1","9","0","0","23","11","207","1"
"Roman Wilson","PIT","WR","38.6","3","13","0","0","0","0","0","0","0","1","20","12","166","2"
"Tyler Johnson","NYJ","WR","37.7","3.1","12","0","0","0","0","0","0","0","0","18","12","197","1"
"Devontez Walker","BAL","WR","37.6","3.1","12","0","0","0","0","0","0","0","0","8","6","136","3"
"Jaylin Lane","WAS","WR","37.2","2.5","15","0","0","0","0","1","7","0","1","32","16","225","0"
"Hunter Luepke","DAL","RB","37","2.2","17","0","0","0","0","16","71","0","0","15","13","109","1"
"Elijah Arroyo","SEA","TE","36.9","2.8","13","0","0","0","0","0","0","0","1","26","15","179","1"
"Brock Wright","DET","TE","36.8","3.3","11","0","0","0","0","0","0","0","0","22","14","108","2"
"Jordan Whittington","LAR","WR","36.3","2.1","17","0","0","0","0","3","12","0","0","25","18","171","0"
"Charlie Kolar","BAL","TE","36.2","2.1","17","0","0","0","0","0","0","0","0","15","10","142","2"
"Ameer Abdullah","IND","RB","35.9","2.8","13","0","0","0","0","14","60","1","1","17","16","99","0"
"Hunter Renfrow","CAR","WR","35.9","6","6","0","0","0","0","0","0","0","0","26","15","89","2"
"Tyler Badie","DEN","RB","35.4","2.2","16","0","0","0","0","8","23","0","0","31","19","141","0"
"Trey Benson","ARI","RB","35.4","8.8","4","0","0","0","0","29","160","0","0","16","13","64","0"
"Lil'Jordan Humphrey","NYG","WR","34.6","3.5","10","0","0","0","0","0","0","0","0","25","13","156","1"
"James Conner","ARI","RB","33.3","11.1","3","0","0","0","0","32","95","1","0","9","8","38","1"
"Kendre Miller","NO","RB","33.3","4.8","7","0","0","0","0","47","193","1","0","5","5","30","0"
"Kevin Austin Jr.","NO","WR","33","4.1","8","0","0","0","0","0","0","0","0","23","13","140","1"
"Jameis Winston","NYG","QB","33","11","3","37","567","2","2","7","23","1","1","1","1","33","1"
"Quinn Ewers","MIA","QB","32.8","6.6","5","55","622","3","3","8","19","0","0","1","1","-6","0"
"Chris Brooks","GB","RB","32.7","1.9","17","0","0","0","0","27","106","0","0","17","13","91","0"
"Hunter Long","JAX","TE","32.5","3.6","9","0","0","0","0","0","0","0","0","17","12","85","2"
"Marquez Valdes-Scantling","SF","WR","32","3.2","10","0","0","0","0","0","0","0","0","29","14","120","1"
"Drew Sample","CIN","TE","31.9","1.9","17","0","0","0","0","1","3","0","0","20","15","106","1"
"Mitchell Tinsley","CIN","WR","31.6","1.9","17","0","0","0","0","0","0","0","0","24","8","116","2"
"Malachi Corley","CLE","WR","31.6","2.4","13","0","0","0","0","13","127","0","0","14","11","79","0"
"Jaleel McLaughlin","DEN","RB","31.4","3.9","8","0","0","0","0","37","187","1","0","6","4","27","0"
"Tutu Atwell","LAR","WR","31.2","3.1","10","0","0","0","0","0","0","0","0","15","6","192","1"
"Philip Rivers","IND","QB","31.2","10.4","3","58","544","4","3","2","-6","0","0","0","0","0","0"
"Mitchell Trubisky","BUF","QB","31.1","7.8","4","25","313","4","0","9","6","0","0","0","0","0","0"
"Julian Hill","MIA","TE","31","2.2","14","0","0","0","0","0","0","0","0","20","15","140","0"
"Gabe Davis","BUF","WR","30.9","5.1","6","0","0","0","0","0","0","0","0","18","12","129","1"
"Mo Alie-Cox","IND","TE","30.7","1.8","17","0","0","0","0","0","0","0","0","20","13","117","1"
"Zay Jones","ARI","WR","30.3","3.8","8","0","0","0","0","0","0","0","0","18","12","183","0"
"Brycen Tremayne","CAR","WR","30","1.9","16","0","0","0","0","0","0","0","0","19","14","160","0"
"Jalen McMillan","TB","WR","29.9","7.5","4","0","0","0","0","1","1","0","0","15","12","178","0"
"Jawhar Jordan","HOU","RB","29.7","7.4","4","0","0","0","0","43","193","0","0","7","7","34","0"
"Luke Farrell","SF","TE","29.5","1.7","17","0","0","0","0","0","0","0","1","14","11","85","2"
"Raheem Mostert","LV","RB","29.4","2.4","12","0","0","0","0","22","104","0","0","12","12","70","0"
"Riley Leonard","IND","QB","29.3","5.9","5","39","415","2","3","6","27","2","2","0","0","-3","0"
"Treylon Burks","WAS","WR","29","3.6","8","0","0","0","0","0","0","0","0","22","10","130","1"
"Jimmy Horn Jr.","CAR","WR","28.7","2.2","13","0","0","0","0","8","69","0","0","15","11","108","0"
"Elijah Moore","BUF","WR","28.6","3.2","9","0","0","0","0","6","24","1","0","17","9","112","0"
"Gunner Olszewski","NYG","WR","28.5","1.8","16","1","33","1","0","0","0","0","1","13","10","145","1"
"Brady Cook","NYJ","QB","28.5","5.7","5","88","739","2","7","13","49","0","1","0","0","0","0"
"Ben Sinnott","WAS","TE","28.4","1.8","16","0","0","0","0","0","0","0","0","13","11","114","1"
"Isaiah Hodgins","NYG","WR","27.5","3.9","7","0","0","0","0","0","0","0","0","19","10","115","1"
"Connor Heyward","PIT","TE","27.4","1.6","17","0","0","0","0","15","43","2","0","4","3","21","1"
"John Bates","WAS","TE","27.3","1.8","15","0","0","0","0","0","0","0","0","16","11","103","1"
"Luke Schoonmaker","DAL","TE","27.2","1.6","17","0","0","0","0","0","0","0","0","23","14","132","0"
"Miles Sanders","DAL","RB","26.7","6.7","4","0","0","0","0","20","117","1","1","8","8","30","0"
"Jahdae Walker","CHI","WR","26.7","3","9","0","0","0","0","0","0","0","0","10","6","87","2"
"Theo Wease Jr.","MIA","WR","25.9","8.6","3","0","0","0","0","0","0","0","0","10","6","139","1"
"Jaret Patterson","LAC","RB","25.7","4.3","6","0","0","0","0","41","159","1","0","4","3","8","0"
"Savion Williams","GB","WR","25.5","2.1","12","0","0","0","0","11","37","0","1","10","10","78","1"
"John FitzPatrick","GB","TE","25.2","1.7","15","0","0","0","0","0","0","0","0","15","12","72","1"
"Konata Mumpfield","LAR","WR","25.2","1.5","17","0","0","0","0","0","0","0","0","23","10","92","1"
"LeQuint Allen Jr.","JAX","RB","24.8","1.5","17","0","0","0","0","23","94","0","0","11","10","54","0"
"Ian Thomas","LV","TE","24.4","1.6","15","0","0","0","0","0","0","0","0","13","13","114","0"
"Josh Johnson","WAS","QB","24.4","4.9","5","34","372","1","2","12","55","1","1","0","0","0","0"
"Rasheen Ali","BAL","RB","24.2","1.6","15","0","0","0","0","7","24","0","0","11","9","68","1"
"Dare Ogunbowale","HOU","RB","24.1","1.4","17","0","0","0","0","11","25","1","1","13","10","76","0"
"Brevyn Spann-Ford","DAL","TE","24","1.4","17","0","0","0","0","0","0","0","0","13","9","90","1"
"Dont'e Thornton Jr.","LV","WR","23.5","1.6","15","0","0","0","0","0","0","0","0","30","10","135","0"
"Josh Reynolds","NYJ","WR","23.1","4.6","5","0","0","0","0","0","0","0","0","21","11","101","0"
"Allen Lazard","NYJ","WR","23","2.3","10","0","0","0","0","0","0","0","0","18","10","70","1"
"Andrew Beck","NYJ","RB","23","1.4","17","0","0","0","0","1","5","0","0","9","6","45","2"
"Grant Calcaterra","PHI","TE","22.6","1.5","15","0","0","0","0","0","0","0","0","14","9","76","1"
"Taysom Hill","NO","QB","21.7","1.7","13","2","57","1","0","52","114","1","1","16","11","91","0"
"Curtis Samuel","BUF","WR","21.1","3.5","6","0","0","0","0","0","0","0","0","9","7","81","1"
"Will Dissly","LAC","TE","20.7","2.3","9","0","0","0","0","0","0","0","0","17","11","97","0"
"Jamari Thrash","CLE","WR","20.7","2.3","9","0","0","0","0","0","0","0","0","15","10","107","0"
"Mason Tipton","NO","WR","20.4","1.5","14","0","0","0","0","4","18","0","0","17","11","76","0"
"Jaydon Blue","DAL","RB","20.4","4.1","5","0","0","0","0","38","129","1","0","1","1","5","0"
"Raheim Sanders","CLE","RB","20.3","5.1","4","0","0","0","0","27","92","1","0","4","3","21","0"
"Johnny Mundt","JAX","TE","20.1","1.3","16","0","0","0","0","0","0","0","0","19","9","111","0"
"Ashton Dulin","IND","WR","20","1.7","12","0","0","0","0","3","44","0","0","10","5","106","0"
"Nick Westbrook-Ikhine","MIA","WR","19.9","1.3","15","0","0","0","0","0","0","0","0","20","11","89","0"
"Cade Stover","HOU","TE","19.9","2.2","9","0","0","0","0","4","3","0","0","16","12","76","0"
"Dante Pettis","NO","WR","19.7","2.5","8","0","0","0","0","0","0","0","1","11","9","127","0"
"Darius Cooper","PHI","WR","18.2","1.5","12","0","0","0","0","0","0","0","0","11","9","92","0"
"Tanner Conner","MIA","TE","18.1","2","9","0","0","0","0","0","0","0","0","15","9","91","0"
"Cody White","SEA","WR","18","1.8","10","0","0","0","0","0","0","0","0","4","3","90","1"
"Kameron Johnson","TB","WR","17.7","1","17","0","0","0","0","2","13","0","0","7","4","64","1"
"Quintin Morris","JAX","TE","17.5","1.3","14","0","0","0","0","0","0","0","0","9","6","55","1"
"Will Shipley","PHI","RB","17.5","1.2","15","0","0","0","0","14","49","0","1","12","9","56","0"
"Tyler Conklin","LAC","TE","17.3","1.3","13","0","0","0","0","1","2","0","0","10","7","101","0"
"Antonio Gibson","NE","RB","17.2","3.4","5","0","0","0","0","25","106","1","1","3","2","6","0"
"Trayveon Williams","LAC","RB","17.1","2.4","7","0","0","0","0","10","36","0","0","9","8","55","0"
"Ben Skowronek","PIT","WR","16.9","1","17","0","0","0","0","0","0","0","0","6","4","69","1"
"Nate Adkins","DEN","TE","16.8","1.9","9","0","0","0","0","0","0","0","0","11","6","48","1"
"Jack Stoll","NO","TE","16.6","1.1","15","0","0","0","0","0","0","0","0","11","6","46","1"
"Efton Chism III","NE","WR","16.5","2.1","8","0","0","0","0","0","0","0","0","3","3","75","1"
"Keandre Lambert-Smith","LAC","WR","16.1","1.6","10","0","0","0","0","0","0","0","0","12","5","51","1"
"Shedrick Jackson","LV","WR","15.9","3.2","5","0","0","0","0","1","3","0","0","5","4","56","1"
"Adam Prentice","DEN","RB","15.7","0.9","17","0","0","0","0","10","44","0","0","8","6","53","0"
"C.J. Ham","MIN","RB","15.6","1.4","11","0","0","0","0","3","5","2","0","2","2","11","0"
"Casey Washington","ATL","WR","15.4","2.2","7","0","0","0","0","0","0","0","0","14","6","94","0"
"Braelon Allen","NYJ","RB","15.3","3.8","4","0","0","0","0","18","76","1","1","3","2","17","0"
"Terrell Jennings","NE","RB","15.2","2.2","7","0","0","0","0","23","73","1","0","1","1","9","0"
"Scotty Miller","PIT","WR","15.2","1.2","13","0","0","0","0","0","0","0","0","14","9","62","0"
"Mason Rudolph","PIT","QB","15","3","5","38","310","2","2","7","6","0","1","0","0","0","0"
"George Holani","SEA","RB","14.8","1.3","11","0","0","0","0","22","73","1","1","2","2","15","0"
"Skyy Moore","SF","WR","14.8","0.9","17","0","0","0","0","2","11","0","0","7","5","87","0"
"Malik Heath","GB","WR","14.6","1.3","11","0","0","0","0","0","0","0","0","7","6","86","0"
"Josh Whyle","GB","TE","14.6","1.8","8","0","0","0","0","0","0","0","0","6","5","36","1"
"Tylan Wallace","BAL","WR","14.5","1","14","0","0","0","0","0","0","0","0","8","4","45","1"
"Alec Ingold","MIA","RB","14.1","0.8","17","0","0","0","0","2","9","0","0","12","8","52","0"
"Tanner McKee","PHI","QB","14","2.8","5","25","280","1","1","8","8","0","0","0","0","0","0"
"Ray-Ray McCloud III","ATL","WR","13.9","2.3","6","0","0","0","0","0","0","0","0","16","7","69","0"
"Trevor Etienne","CAR","RB","13.7","0.8","17","0","0","0","0","20","94","0","0","3","3","13","0"
"Xavier Weaver","ARI","WR","13.7","1.4","10","0","0","0","0","0","0","0","0","13","7","67","0"
"Trey Lance","LAC","QB","13.5","3.4","4","27","226","0","1","17","85","0","1","0","0","0","0"
"Arian Smith","NYJ","WR","13.5","0.8","16","0","0","0","0","4","13","0","0","16","7","52","0"
"Noah Brown","WAS","WR","13.3","3.3","4","0","0","0","0","0","0","0","0","10","5","83","0"
"Anthony Firkser","DET","TE","13.3","1.9","7","0","0","0","0","0","0","0","0","10","8","53","0"
"Austin Ekeler","WAS","RB","13.1","6.6","2","0","0","0","0","14","43","0","0","7","5","38","0"
"Michael Bandy","DEN","WR","13","3.3","4","0","0","0","0","0","0","0","1","4","4","50","1"
"David Martin-Robinson","TEN","TE","13","0.8","17","0","0","0","0","0","0","0","0","6","4","30","1"
"Foster Moreau","NO","TE","12.9","1.2","11","0","0","0","0","0","0","0","0","10","7","59","0"
"Charlie Woerner","ATL","TE","12.8","0.8","17","0","0","0","0","0","0","0","0","11","8","48","0"
"Drew Ogletree","IND","TE","12.7","0.8","15","0","0","0","0","0","0","0","0","6","4","27","1"
"James Proche II","TEN","WR","12.5","1.4","9","0","0","0","0","0","0","0","0","12","6","65","0"
"Gage Larvadain","CLE","WR","12.4","1","13","0","0","0","0","1","3","0","1","14","7","71","0"
"Stone Smartt","NYJ","TE","12.2","0.8","15","0","0","0","0","0","0","0","0","9","7","52","0"
"Najee Harris","LAC","RB","11.6","3.9","3","0","0","0","0","15","61","0","0","3","3","25","0"
"Ryan Miller","TB","WR","11.4","0.9","13","0","0","0","0","0","0","0","0","4","2","34","1"
"Chris Oladokun","KC","QB","11.2","3.7","3","35","235","1","0","5","18","0","2","0","0","0","0"
"Scott Matlock","LAC","RB","11.2","0.7","16","0","0","0","0","0","0","0","0","4","4","12","1"
"Dylan Drummond","ATL","WR","11.2","1.2","9","0","0","0","0","0","0","0","0","11","7","42","0"
"Josiah Deguara","ARI","TE","11.1","0.9","12","0","0","0","0","0","0","0","0","5","3","21","1"
"Kylen Granson","PHI","TE","11","0.6","17","0","0","0","0","0","0","0","0","9","7","40","0"
"Phil Mafah","DAL","RB","10.9","10.9","1","0","0","0","0","5","18","1","0","2","2","11","0"
"Andy Dalton","CAR","QB","10.5","2.1","5","26","318","1","1","5","-2","0","2","0","0","0","0"
"Joe Milton III","DAL","QB","10.3","2.6","4","15","183","1","2","5","50","0","1","0","0","0","0"
"Robbie Chosen","WAS","WR","10.3","3.4","3","0","0","0","0","0","0","0","0","9","5","53","0"
"Ronnie Bell","NO","WR","10.3","5.2","2","0","0","0","0","0","0","0","0","4","2","23","1"
"Hassan Haskins","LAC","RB","10","0.8","12","0","0","0","0","17","47","0","0","4","4","13","0"
"Braxton Berrios","HOU","WR","9.7","2.4","4","0","0","0","0","0","0","0","0","8","6","37","0"
"Brittain Brown","CHI","RB","9.7","3.2","3","0","0","0","0","5","37","1","0","1","0","0","0"
"Zamir White","LV","RB","9.6","1.6","6","0","0","0","0","12","32","0","0","6","4","24","0"
"DJ Giddens","IND","RB","9.6","1","10","0","0","0","0","26","96","0","0","2","0","0","0"
"Cedrick Wilson Jr.","MIA","WR","9.4","0.9","10","0","0","0","0","0","0","0","0","9","5","44","0"
"Corey Kiner","ARI","RB","9.3","2.3","4","0","0","0","0","12","58","0","0","3","2","15","0"
"Eric Saubert","SEA","TE","9.1","0.8","11","0","0","0","0","0","0","0","0","7","4","31","0"
"A.J. Dillon","PHI","RB","9.1","1.3","7","0","0","0","0","12","60","0","1","3","3","21","0"
"Ty Chandler","MIN","RB","8.8","2.9","3","0","0","0","0","17","47","0","0","4","3","11","0"
"Brenden Bates","HOU","TE","8.8","1","9","0","0","0","0","0","0","0","0","5","4","48","0"
"Kaleb Johnson","PIT","RB","8.8","0.9","10","0","0","0","0","28","69","0","0","2","1","9","0"
"Albert Okwuegbunam","LV","TE","8.6","8.6","1","0","0","0","0","0","0","0","0","6","5","36","0"
"Jalin Hyatt","NYG","WR","8.5","1.1","8","0","0","0","0","0","0","0","0","15","5","35","0"
"Dee Eskridge","MIA","WR","8.2","0.6","13","0","0","0","0","0","0","0","1","7","4","62","0"
"British Brooks","HOU","RB","7.8","0.5","15","0","0","0","0","17","78","0","0","0","0","0","0"
"Kenny Pickett","LV","QB","7.7","1.3","6","28","188","1","2","5","22","0","1","0","0","0","0"
"Tom Kennedy","DET","WR","7.6","1.3","6","0","0","0","0","0","0","0","0","4","4","36","0"
"Austin Trammell","JAX","WR","7.6","1.3","6","0","0","0","0","0","0","0","0","10","3","46","0"
"Devin Culp","TB","TE","7.6","0.6","13","0","0","0","0","0","0","0","0","1","1","6","1"
"Keleki Latu","BUF","TE","7.5","1.5","5","0","0","0","0","0","0","0","0","4","4","35","0"
"Xavier Restrepo","TEN","WR","7.1","3.5","2","0","0","0","0","0","0","0","0","7","3","41","0"
"Mason Kinsey","TEN","WR","6.8","0.7","10","0","0","0","0","0","0","0","0","4","2","48","0"
"Dareke Young","SEA","WR","6.8","0.8","9","0","0","0","0","0","0","0","0","3","2","48","0"
"Khalil Herbert","NYJ","RB","6.6","0.9","7","0","0","0","0","16","52","0","0","4","1","4","0"
"Durham Smythe","CHI","TE","6.5","0.4","17","0","0","0","0","0","0","0","0","6","4","25","0"
"Tahj Brooks","CIN","RB","6.4","0.4","16","0","0","0","0","16","45","0","0","2","1","9","0"
"Evan Hull","NO","RB","6.4","1.1","6","0","0","0","0","19","48","0","0","1","1","6","0"
"Deven Thompkins","ATL","WR","6.2","0.9","7","0","0","0","0","1","5","0","0","3","3","27","0"
"KhaDarel Hodge","ATL","WR","6.1","0.5","12","0","0","0","0","0","0","0","0","10","3","31","0"
"Jalen Brooks","DAL","WR","6.1","1","6","0","0","0","0","0","0","0","1","6","3","51","0"
"Justin Watson","HOU","WR","6","2","3","0","0","0","0","0","0","0","0","4","3","30","0"
"Ben Sims","GB","TE","6","0.5","11","0","0","0","0","0","0","0","0","6","3","30","0"
"James Mitchell","CAR","TE","5.8","1.2","5","0","0","0","0","0","0","0","0","3","3","28","0"
"Tai Felton","MIN","WR","5.5","0.3","17","0","0","0","0","0","0","0","0","3","3","25","0"
"Tyler Goodson","IND","RB","5.2","0.5","11","0","0","0","0","9","24","0","0","3","2","8","0"
"Trent Sherfield Sr.","DEN","WR","5.1","0.4","12","0","0","0","0","0","0","0","0","5","3","21","0"
"Shane Zylstra","DET","TE","5","0.8","6","0","0","0","0","0","0","0","0","5","3","20","0"
"Kene Nwangwu","NYJ","RB","4.9","0.4","12","0","0","0","0","13","49","0","0","1","0","0","0"
"Reggie Gilliam","BUF","RB","4.8","0.3","17","0","0","0","0","2","4","0","0","2","2","24","0"
"Tip Reiman","ARI","TE","4.8","1.2","4","0","0","0","0","0","0","0","0","5","3","18","0"
"Aidan O'Connell","LV","QB","4.8","4.8","1","10","102","0","0","1","7","0","0","0","0","0","0"
"Tahj Washington","MIA","WR","4.7","0.8","6","0","0","0","0","0","0","0","1","5","3","37","0"
"Devin Duvernay","CHI","WR","4.6","0.3","17","0","0","0","0","0","0","0","0","5","2","26","0"
"Ronnie Rivers","LAR","RB","4.6","0.4","11","0","0","0","0","9","46","0","0","0","0","0","0"
"Jordan Watkins","SF","WR","4.6","1.1","4","0","0","0","0","0","0","0","0","3","2","26","0"
"Beaux Collins","NYG","WR","4.5","0.5","9","0","0","0","0","0","0","0","0","6","2","25","0"
"Bo Melton","GB","WR","4.4","1.5","3","0","0","0","0","0","0","0","0","4","1","34","0"
"Tay Martin","WAS","WR","4.3","1.4","3","0","0","0","0","0","0","0","0","2","2","23","0"
"Max Brosmer","MIN","QB","4.2","0.6","7","47","328","0","4","7","11","0","1","0","0","0","0"
"Clyde Edwards-Helaire","KC","RB","4.2","2.1","2","0","0","0","0","7","13","0","0","2","2","9","0"
"Nikko Remigio","KC","WR","4.2","0.3","14","0","0","0","0","1","11","0","0","1","1","21","0"
"Britain Covey","PHI","WR","4","0.7","6","0","0","0","0","0","0","0","0","4","2","20","0"
"Julius Chestnut","TEN","RB","4","0.2","17","0","0","0","0","11","40","0","0","2","0","0","0"
"Jake Bobo","SEA","WR","4","0.4","11","0","0","0","0","0","0","0","0","2","2","20","0"
"Jared Wayne","HOU","WR","4","4","1","0","0","0","0","0","0","0","0","2","2","20","0"
"Quentin Skinner","NYJ","WR","4","4","1","0","0","0","0","0","0","0","0","1","1","10","0"
"Nathan Carter","ATL","RB","4","0.6","7","0","0","0","0","9","60","0","1","0","0","0","0"
"Shane Buechele","KC","QB","3.9","3.9","1","7","88","0","0","1","4","0","0","0","0","0","0"
"Tucker Fisk","LAC","TE","3.9","0.4","10","0","0","0","0","0","0","0","0","4","2","19","0"
"Colson Yankoff","WAS","TE","3.8","0.3","14","0","0","0","0","0","0","0","0","3","2","18","0"
"Zaire Mitchell-Paden","BAL","TE","3.7","0.5","8","0","0","0","0","0","0","0","0","3","2","17","0"
"Dylan Laube","LV","RB","3.7","0.2","17","0","0","0","0","7","9","0","1","4","3","18","0"
"Dameon Pierce","HOU","RB","3.6","0.7","5","0","0","0","0","14","36","0","0","1","0","0","0"
"Jonathan Mingo","DAL","WR","3.5","0.6","6","0","0","0","0","0","0","0","0","5","1","25","0"
"Lucas Krull","DEN","TE","3.5","1.2","3","0","0","0","0","0","0","0","0","4","2","15","0"
"Jakobie Keeney-James","GB","WR","3.5","3.5","1","0","0","0","0","0","0","0","0","2","2","15","0"
"Jacoby Jones","WAS","WR","3.5","3.5","1","0","0","0","0","0","0","0","0","1","1","25","0"
"Ben Yurosek","MIN","TE","3.4","0.3","12","0","0","0","0","0","0","0","0","3","2","14","0"
"Alex Bachman","LV","WR","3.2","0.2","13","0","0","0","0","0","0","0","0","4","2","12","0"
"Velus Jones Jr.","NO","RB","3.2","0.4","8","0","0","0","0","4","32","0","0","0","0","0","0"
"Sal Cannella","CLE","TE","3.1","1.6","2","0","0","0","0","0","0","0","0","5","2","11","0"
"Moliki Matavao","NO","TE","3","0.5","6","0","0","0","0","0","0","0","0","2","2","10","0"
"Teddy Bridgewater","TB","QB","2.9","0.7","4","8","62","0","0","3","4","0","0","0","0","0","0"
"Andre Baccellia","ARI","WR","2.8","0.6","5","0","0","0","0","0","0","0","0","4","2","8","0"
"David Moore","CAR","WR","2.7","0.7","4","0","0","0","0","1","12","0","0","1","1","5","0"
"Ross Dwelley","DET","TE","2.7","0.2","11","0","0","0","0","0","0","0","0","5","2","7","0"
"Harrison Bryant","HOU","TE","2.7","0.2","12","0","0","0","0","0","0","0","0","6","2","7","0"
"Cam Grandy","CIN","TE","2.7","0.5","5","0","0","0","0","0","0","0","0","2","2","7","0"
"Will Mallory","IND","TE","2.6","1.3","2","0","0","0","0","0","0","0","0","2","1","16","0"
"Anthony Gould","IND","WR","2.6","0.2","11","0","0","0","0","0","0","0","0","2","2","6","0"
"Tyson Bagent","CHI","QB","2.6","0.9","3","3","47","0","0","2","7","0","0","0","0","0","0"
"D'Ernest Johnson","ARI","RB","2.5","0.3","8","0","0","0","0","14","25","0","0","0","0","0","0"
"Tim Jones","MIN","WR","2.5","0.6","4","0","0","0","0","0","0","0","0","1","1","15","0"
"Blake Whiteheart","CLE","TE","2.4","0.1","17","0","0","0","0","0","0","0","0","6","2","4","0"
"Jalen Royals","KC","WR","2.4","0.3","7","0","0","0","0","0","0","0","0","3","2","4","0"
"Joshua Dobbs","NE","QB","2.1","0.5","4","7","65","0","0","10","-5","0","0","0","0","0","0"
"Patrick Ricard","BAL","RB","2.1","0.2","11","0","0","0","0","1","3","0","0","2","1","8","0"
"Pharaoh Brown","ARI","TE","2.1","0.3","7","0","0","0","0","0","0","0","0","2","2","1","0"
"DeeJay Dallas","CAR","RB","2.1","0.4","6","0","0","0","0","3","21","0","0","1","0","0","0"
"Payne Durham","TB","TE","2.1","0.1","17","0","0","0","0","0","0","0","0","4","1","11","0"
"Jacardia Wright","SEA","RB","2","2","1","0","0","0","0","5","20","0","0","0","0","0","0"
"Clayton Tune","GB","QB","2","1","2","7","42","0","1","5","23","0","0","0","0","0","0"
"Cam Akers","MIN","RB","1.9","0.3","6","1","32","1","0","5","19","0","0","1","0","0","0"
"Bryce Oliver","TEN","WR","1.8","0.6","3","0","0","0","0","0","0","0","0","1","1","8","0"
"Cooper Rush","BAL","QB","1.7","0.4","4","34","303","0","4","4","-4","0","1","0","0","0","0"
"Chris Manhertz","NYG","TE","1.7","0.1","17","0","0","0","0","0","0","0","0","3","1","7","0"
"Roschon Johnson","CHI","RB","1.7","0.2","7","0","0","0","0","2","17","0","0","0","0","0","0"
"Derius Davis","LAC","WR","1.5","0.1","11","0","0","0","0","2","5","0","1","3","2","10","0"
"Jelani Woods","NYJ","TE","1.4","0.3","4","0","0","0","0","0","0","0","0","3","1","4","0"
"Jared Wiley","KC","TE","1.4","0.3","5","0","0","0","0","0","0","0","0","1","1","4","0"
"Zach Wilson","MIA","QB","1.4","0.3","4","6","32","0","0","3","1","0","0","0","0","0","0"
"Samori Toure","NO","WR","1.3","1.3","1","0","0","0","0","0","0","0","0","3","1","3","0"
"Drake Dabney","GB","TE","1.3","0.7","2","0","0","0","0","0","0","0","0","2","1","3","0"
"Carter Runyon","LV","TE","1.3","0.1","13","0","0","0","0","0","0","0","0","1","1","3","0"
"Robert Tonyan","KC","TE","1.1","0.1","17","0","0","0","0","0","0","0","0","1","1","1","0"
"Jacob Saylors","DET","RB","1.1","0.1","16","0","0","0","0","2","11","0","0","0","0","0","0"
"Josh Williams","TB","RB","1.1","0.4","3","0","0","0","0","4","11","0","0","0","0","0","0"
"Jack Westover","NE","TE","1","0.1","17","0","0","0","0","0","0","0","0","2","1","0","0"
"Brandon Allen","TEN","QB","0.9","0.9","1","17","72","0","1","0","0","0","0","0","0","0","0"
"Amar Johnson","LAC","RB","0.8","0.4","2","0","0","0","0","2","8","0","0","1","0","0","0"
"Kalel Mullings","TEN","RB","0.7","0.1","9","0","0","0","0","3","7","0","0","0","0","0","0"
"Myles Gaskin","SEA","RB","0.6","0.6","1","0","0","0","0","3","6","0","0","0","0","0","0"
"Owen Wright","TB","RB","0.6","0.2","3","0","0","0","0","3","6","0","0","0","0","0","0"
"Ke'Shawn Williams","PIT","WR","0.5","0","11","0","0","0","0","2","10","0","1","1","1","5","0"
"Craig Reynolds","DET","RB","0.4","0.1","7","0","0","0","0","3","4","0","0","0","0","0","0"
"Feleipe Franks","ATL","TE","0.4","0","17","0","0","0","0","2","4","0","0","0","0","0","0"
"Sione Vaki","DET","RB","0.4","0","11","0","0","0","0","1","4","0","0","0","0","0","0"
"Anthony Richardson Sr.","IND","QB","0.3","0.1","2","1","9","0","0","4","-1","0","0","1","1","9","0"
"Kendall Milton","CIN","RB","0.2","0.2","1","0","0","0","0","2","2","0","0","0","0","0","0"
"Malik Cunningham","DET","WR","0.1","0.1","1","0","0","0","0","1","1","0","0","0","0","0","0"
"Drew Lock","SEA","QB","0.1","0","5","2","15","0","0","6","-5","0","0","0","0","0","0"
"Marcedes Lewis","DEN","TE","0","0","5","0","0","0","0","0","0","0","0","0","0","0","0"
"DeAndre Carter","CLE","WR","0","0","4","0","0","0","0","0","0","0","0","0","0","0","0"
"Laquon Treadwell","IND","WR","0","0","10","0","0","0","0","0","0","0","0","0","0","0","0"
"Nick Vannett","MIN","TE","0","0","10","0","0","0","0","0","0","0","0","0","0","0","0"
"River Cracraft","WAS","WR","0","0","2","0","0","0","0","0","0","0","0","0","0","0","0"
"Chase Edmonds","WAS","RB","0","0","3","0","0","0","0","0","0","0","0","0","0","0","0"
"Russell Gage Jr.","SF","WR","0","0","1","0","0","0","0","0","0","0","0","0","0","0","0"
"Jeff Wilson Jr.","MIA","RB","0","0","2","0","0","0","0","0","0","0","0","0","0","0","0"
"Malik Turner","SF","WR","0","0","3","0","0","0","0","0","0","0","0","1","0","0","0"
"Brett Rypien","CIN","QB","0","0","1","0","0","0","0","0","0","0","0","0","0","0","0"
"Parris Campbell","DAL","WR","0","0","1","0","0","0","0","0","0","0","0","0","0","0","0"
"Jakob Johnson","HOU","RB","0","0","7","0","0","0","0","0","0","0","0","0","0","0","0"
"Stephen Carlson","CHI","TE","0","0","2","0","0","0","0","0","0","0","0","0","0","0","0"
"Steven Sims","ARI","WR","0","0","3","0","0","0","0","0","0","0","0","1","0","0","0"
"Lawrence Cager","WAS","TE","0","0","1","0","0","0","0","0","0","0","0","0","0","0","0"
"Giovanni Ricci","DET","TE","0","0","3","0","0","0","0","0","0","0","0","1","0","0","0"
"Sean McKeon","IND","TE","0","0","1","0","0","0","0","0","0","0","0","0","0","0","0"
"Trey Sermon","PIT","RB","0","0","4","0","0","0","0","0","0","0","0","0","0","0","0"
"Sam Ehlinger","DEN","QB","0","0","1","0","0","0","0","0","0","0","0","0","0","0","0"
"Dan Chisena","CAR","WR","0","0","1","0","0","0","0","0","0","0","0","0","0","0","0"
"Chris Blair","ATL","WR","0","0","3","0","0","0","0","0","0","0","0","0","0","0","0"
"Cole Turner","TEN","TE","0","0","1","0","0","0","0","0","0","0","0","0","0","0","0"
"Elijah Mitchell","KC","RB","0","0","1","0","0","0","0","0","0","0","0","1","0","0","0"
"Jermar Jefferson","ARI","RB","0","0","2","0","0","0","0","0","0","0","0","0","0","0","0"
"Brandon Smith","NYJ","WR","0","0","2","0","0","0","0","0","0","0","0","0","0","0","0"
"DJ Turner","LV","WR","0","0","1","0","0","0","0","0","0","0","0","0","0","0","0"
"Simi Fehoko","ARI","WR","0","0","8","0","0","0","0","0","0","0","0","0","0","0","0"
"Zach Davidson","NYG","TE","0","0","1","0","0","0","0","0","0","0","0","0","0","0","0"
"Gary Brightwell","CIN","RB","0","0","2","0","0","0","0","0","0","0","0","0","0","0","0"
"Avery Williams","NYJ","RB","0","0","1","0","0","0","0","0","0","0","0","0","0","0","0"
"Eric Gray","NYG","RB","0","0","4","0","0","0","0","0","0","0","0","0","0","0","0"
"Teagan Quitoriano","ATL","TE","0","0","17","0","0","0","0","0","0","0","0","0","0","0","0"
"Nikola Kalinic","CHI","TE","0","0","2","0","0","0","0","0","0","0","0","0","0","0","0"
"Jalen Cropper","DAL","WR","0","0","3","0","0","0","0","0","0","0","0","0","0","0","0"
"Ko Kieft","TB","TE","0","0","3","0","0","0","0","0","0","0","0","0","0","0","0"
"Kaden Davis","CLE","WR","0","0","2","0","0","0","0","0","0","0","0","0","0","0","0"
"Maurice Alexander","CHI","WR","0","0","1","0","0","0","0","0","0","0","0","0","0","0","0"
"Charlie Jones","CIN","WR","0","0","14","0","0","0","0","0","0","0","0","1","0","0","0"
"Brayden Willis","SF","TE","0","0","6","0","0","0","0","0","0","0","0","1","0","0","0"
"Lew Nichols","PIT","RB","0","0","1","0","0","0","0","0","0","0","0","0","0","0","0"
"Justin Shorter","LV","WR","0","0","7","0","0","0","0","0","0","0","0","0","0","0","0"
"Carlos Washington Jr.","ATL","RB","0","0","1","0","0","0","0","0","0","0","0","0","0","0","0"
"Jordan Mims","TEN","RB","0","0","1","0","0","0","0","0","0","0","0","0","0","0","0"
"Jason Brownlee","KC","WR","0","0","6","0","0","0","0","0","0","0","0","1","0","0","0"
"Cameron Latu","PHI","TE","0","0","15","0","0","0","0","0","0","0","0","0","0","0","0"
"Travis Vokolek","ARI","TE","0","0","5","0","0","0","0","0","0","0","0","0","0","0","0"
"Princeton Fant","DAL","TE","0","0","1","0","0","0","0","0","0","0","0","0","0","0","0"
"Ben VanSumeren","PHI","RB","0","0","1","0","0","0","0","0","0","0","0","0","0","0","0"
"Brady Russell","SEA","RB","0","0","17","0","0","0","0","0","0","0","0","1","0","0","0"
"E.J. Jenkins","PHI","TE","0","0","2","0","0","0","0","0","0","0","0","0","0","0","0"
"Jarquez Hunter","LAR","RB","0","0","5","0","0","0","0","0","0","0","0","0","0","0","0"
"Ricky White III","SEA","WR","0","0","2","0","0","0","0","0","0","0","0","0","0","0","0"
"Cody Schrader","LAR","RB","0","0","1","0","0","0","0","0","0","0","0","0","0","0","0"
"Isaac Guerendo","SF","RB","0","0","14","0","0","0","0","0","0","0","0","0","0","0","0"
"Dominic Lovett","DET","WR","0","0","12","0","0","0","0","0","0","0","0","0","0","0","0"
"Tejhaun Palmer","ARI","WR","0","0","1","0","0","0","0","0","0","0","0","0","0","0","0"
"Jeshaun Jones","MIN","WR","0","0","1","0","0","0","0","0","0","0","0","0","0","0","0"
"Hayden Rucci","MIA","TE","0","0","4","0","0","0","0","0","0","0","0","0","0","0","0"
"Treyton Welch","NO","TE","0","0","3","0","0","0","0","0","0","0","0","0","0","0","0"
"Coleman Owen","IND","WR","0","0","2","0","0","0","0","0","0","0","0","1","0","0","0"
"Jordan James","SF","RB","0","0","3","0","0","0","0","0","0","0","0","0","0","0","0"
"Ulysses Bentley IV","IND","RB","0","0","1","0","0","0","0","1","0","0","0","0","0","0","0"
"CJ Dippre","NE","TE","0","0","2","0","0","0","0","0","0","0","0","0","0","0","0"
"Thomas Fidone II","NYG","TE","0","0","7","0","0","0","0","0","0","0","0","0","0","0","0"
"Ja'Corey Brooks","WAS","WR","0","0","1","0","0","0","0","0","0","0","0","0","0","0","0"
"Robbie Ouzts","SEA","RB","0","0","12","0","0","0","0","0","0","0","0","0","0","0","0"
"Nick Kallerup","SEA","TE","0","0","9","0","0","0","0","0","0","0","0","1","0","0","0"
"Jackson Meeks","DET","WR","0","0","2","0","0","0","0","0","0","0","0","0","0","0","0"
"Dalen Cambre","NYG","WR","0","0","7","0","0","0","0","0","0","0","0","0","0","0","0"
"Zach Horton","DET","TE","0","0","2","0","0","0","0","0","0","0","0","0","0","0","0"
"Brennan Presley","LAR","WR","0","0","1","0","0","0","0","0","0","0","0","0","0","0","0"
"Jimmy Holiday","KC","WR","0","0","1","0","0","0","0","0","0","0","0","0","0","0","0"
"Dalevon Campbell","CAR","WR","0","0","2","0","0","0","0","0","0","0","0","0","0","0","0"
"Nick Mullens","JAX","QB","0","0","5","3","19","0","0","12","-8","0","0","0","0","0","0"
"Kedon Slovis","ARI","QB","-0.1","0","2","1","-2","0","0","0","0","0","0","0","0","0","0"
"Jarrett Stidham","DEN","QB","-0.1","-0.1","1","0","0","0","0","1","-1","0","0","0","0","0","0"
"Adrian Martinez","SF","QB","-0.1","-0.1","1","0","0","0","0","1","-1","0","0","0","0","0","0"
"Nyheim Hines","LAC","RB","-0.2","-0.1","4","0","0","0","0","2","-2","0","0","0","0","0","0"
"Travis Homer","CHI","RB","-0.2","0","10","0","0","0","0","1","-2","0","0","0","0","0","0"
"Kyle Allen","DET","QB","-0.3","-0.1","3","0","0","0","0","3","-3","0","0","0","0","0","0"
"Gardner Minshew","KC","QB","-0.3","-0.1","4","6","37","0","1","6","2","0","0","0","0","0","0"
"Jimmy Garoppolo","LAR","QB","-1","-0.3","3","0","0","0","0","9","-10","0","0","0","0","0","0"
"Xavier Gipson","NYJ","WR","-1.4","-0.2","7","0","0","0","0","0","0","0","2","2","2","6","0"
"Jalen Milroe","SEA","QB","-1.6","-0.5","3","0","0","0","0","3","4","0","1","0","0","0","0"
"Jamal Agnew","ATL","WR","-2","-0.2","11","0","0","0","0","0","0","0","1","0","0","0","0"
"Mecole Hardman","BUF","WR","-2","-1","2","0","0","0","0","0","0","0","1","1","0","0","0"
"LaJohntay Wester","BAL","WR","-2","-0.1","17","0","0","0","0","0","0","0","1","0","0","0","0"
"Myles Price","MIN","WR","-4","-0.3","16","0","0","0","0","0","0","0","2","0","0","0","0"